<?xml version="1.0" encoding="UTF-8"?><smooks-resource-list xmlns="http://www.milyn.org/xsd/smooks-1.1.xsd" xmlns:ftl="http://www.milyn.org/xsd/smooks/freemarker-1.1.xsd" xmlns:jb="http://www.milyn.org/xsd/smooks/javabean-1.2.xsd">
  <params>
    <param name="inputType">input.xml</param>
    <param name="input.xml" type="input.type.actived">Workspace://xml-to-java/input-message.xml</param>
  </params>
  
  
  
  
  
<!--
    Create an "example.beans.Order" bean instance when we visit the start of the <order> element.
    Assign the new bean instance to the beanId of "order".
    Wire in the "header" and "orderItems" beans.
    --><jb:bean beanId="order" class="example.model.Order" createOnElement="order">
    <jb:wiring beanIdRef="header" property="header"/>
    <jb:wiring beanIdRef="orderItems" property="orderItems"/>
  </jb:bean>
   <!--
    Create an ArrayList bean instance when we visit the start of the <order> element.
    This bean is wired into the "order" bean.
    -->
   <jb:bean beanId="orderItems" class="java.util.ArrayList" createOnElement="order">
    <jb:wiring beanIdRef="orderItem"/>
  </jb:bean>
   <!--
    Create an "example.beans.Header" bean instance when we visit the start of the <header> element.
    This bean is wired into the "order" bean.
    -->
   <jb:bean beanId="header" class="example.model.Header" createOnElement="header">
    <jb:value data="header/date" decoder="Date" property="date">
      <jb:decodeParam name="format">EEE MMM dd HH:mm:ss z yyyy</jb:decodeParam>
      <jb:decodeParam name="locale-language">en</jb:decodeParam>
      <jb:decodeParam name="locale-country">IE</jb:decodeParam>
    </jb:value>
    <jb:value data="header/customer/@number" decoder="Long" property="customerNumber"/>
    <jb:value data="header/customer" property="customerName"/>
  </jb:bean>
   <!--
    Create an "example.beans.OrderItem" bean instance when we visit the start of the <order-item> element.
    This bean is wired into the "orderItems" ArrayList bean.
    -->
   <jb:bean beanId="orderItem" class="example.model.OrderItem" createOnElement="order-item">
    <jb:value data="order-item/product" decoder="Long" property="productId"/>
    <jb:value data="order-item/quantity" decoder="Integer" property="quantity"/>
    <jb:value data="order-item/price" decoder="Double" property="price"/>
  </jb:bean>
   <ftl:freemarker applyOnElement="#document">
    <ftl:template><![CDATA["productId","quantity","price"
<#list orderItems as orderItem>
"${orderItem.productId!?c}","${orderItem.quantity!?c}","${orderItem.price!?c}"
</#list>]]></ftl:template>
    <param name="includeFieldNames">true</param>
    <param name="seperator">,</param>
    <param name="quote">"</param>
    <param name="csvFields">productId,quantity,price</param>
    <param name="messageType">CSV</param>
  </ftl:freemarker>
</smooks-resource-list>
